Technology,Level,Source URL
English,b2,https://justjoin.it/job-offer/emagine-polska-lead-data-engineer-with-databricks-warszawa-data
Databricks,advanced,https://justjoin.it/job-offer/emagine-polska-lead-data-engineer-with-databricks-warszawa-data
Data Engineering,advanced,https://justjoin.it/job-offer/emagine-polska-lead-data-engineer-with-databricks-warszawa-data
Python,advanced,https://justjoin.it/job-offer/emagine-polska-lead-data-engineer-with-databricks-warszawa-data
SQL,advanced,https://justjoin.it/job-offer/emagine-polska-lead-data-engineer-with-databricks-warszawa-data
DevOps,advanced,https://justjoin.it/job-offer/emagine-polska-lead-data-engineer-with-databricks-warszawa-data
CI/CD,advanced,https://justjoin.it/job-offer/emagine-polska-lead-data-engineer-with-databricks-warszawa-data
AWS,advanced,https://justjoin.it/job-offer/emagine-polska-lead-data-engineer-with-databricks-warszawa-data
Azure,advanced,https://justjoin.it/job-offer/emagine-polska-lead-data-engineer-with-databricks-warszawa-data
Polish,c1,https://justjoin.it/job-offer/bunge-polska-sp-z-o-o--senior-cloud-data-engineer-warszawa-data
English,b2,https://justjoin.it/job-offer/bunge-polska-sp-z-o-o--senior-cloud-data-engineer-warszawa-data
Data,advanced,https://justjoin.it/job-offer/bunge-polska-sp-z-o-o--senior-cloud-data-engineer-warszawa-data
Google Cloud Platform,regular,https://justjoin.it/job-offer/bunge-polska-sp-z-o-o--senior-cloud-data-engineer-warszawa-data
GCP,regular,https://justjoin.it/job-offer/bunge-polska-sp-z-o-o--senior-cloud-data-engineer-warszawa-data
Google Cloud,regular,https://justjoin.it/job-offer/bunge-polska-sp-z-o-o--senior-cloud-data-engineer-warszawa-data
BigQuery,regular,https://justjoin.it/job-offer/bunge-polska-sp-z-o-o--senior-cloud-data-engineer-warszawa-data
Oracle,regular,https://justjoin.it/job-offer/bunge-polska-sp-z-o-o--senior-cloud-data-engineer-warszawa-data
Polish,b2,https://justjoin.it/job-offer/link-group--data-engineering-manager-with-ai-ml-experience--warszawa-data
English,b2,https://justjoin.it/job-offer/link-group--data-engineering-manager-with-ai-ml-experience--warszawa-data
AI,advanced,https://justjoin.it/job-offer/link-group--data-engineering-manager-with-ai-ml-experience--warszawa-data
ML,advanced,https://justjoin.it/job-offer/link-group--data-engineering-manager-with-ai-ml-experience--warszawa-data
AWS,advanced,https://justjoin.it/job-offer/link-group--data-engineering-manager-with-ai-ml-experience--warszawa-data
GCP,advanced,https://justjoin.it/job-offer/link-group--data-engineering-manager-with-ai-ml-experience--warszawa-data
Azure,advanced,https://justjoin.it/job-offer/link-group--data-engineering-manager-with-ai-ml-experience--warszawa-data
Data Engineering,advanced,https://justjoin.it/job-offer/heineken-data-engineering-lead-krakow-data
Software Engineering,advanced,https://justjoin.it/job-offer/heineken-data-engineering-lead-krakow-data
DataOps,advanced,https://justjoin.it/job-offer/heineken-data-engineering-lead-krakow-data
Databricks,advanced,https://justjoin.it/job-offer/heineken-data-engineering-lead-krakow-data
Data Pipelines,advanced,https://justjoin.it/job-offer/heineken-data-engineering-lead-krakow-data
CI/CD,advanced,https://justjoin.it/job-offer/heineken-data-engineering-lead-krakow-data
Technical leadership,advanced,https://justjoin.it/job-offer/swingdev-senior-data-engineer-warszawa-data-0e19ca74
SQL,advanced,https://justjoin.it/job-offer/swingdev-senior-data-engineer-warszawa-data-0e19ca74
Data Engineering,advanced,https://justjoin.it/job-offer/swingdev-senior-data-engineer-warszawa-data-0e19ca74
Cloud,regular,https://justjoin.it/job-offer/swingdev-senior-data-engineer-warszawa-data-0e19ca74
Python,regular,https://justjoin.it/job-offer/swingdev-senior-data-engineer-warszawa-data-0e19ca74
AI,advanced,https://justjoin.it/job-offer/ergo-technology-services-senior-product-owner-product-manager-data-engineering--warszawa-data
English,advanced,https://justjoin.it/job-offer/ergo-technology-services-senior-product-owner-product-manager-data-engineering--warszawa-data
Data Engineering,advanced,https://justjoin.it/job-offer/ergo-technology-services-senior-product-owner-product-manager-data-engineering--warszawa-data
Big Data,advanced,https://justjoin.it/job-offer/ergo-technology-services-senior-product-owner-product-manager-data-engineering--warszawa-data
Scrum,junior,https://justjoin.it/job-offer/ergo-technology-services-senior-product-owner-product-manager-data-engineering--warszawa-data
Kaban,junior,https://justjoin.it/job-offer/ergo-technology-services-senior-product-owner-product-manager-data-engineering--warszawa-data
Polish,c2,https://justjoin.it/job-offer/avanade-poland-senior-data-engineer-in-microsoft-azure-cloud-krakow-data
English,b2,https://justjoin.it/job-offer/avanade-poland-senior-data-engineer-in-microsoft-azure-cloud-krakow-data
SQL,master,https://justjoin.it/job-offer/avanade-poland-senior-data-engineer-in-microsoft-azure-cloud-krakow-data
Microsoft Azure,advanced,https://justjoin.it/job-offer/avanade-poland-senior-data-engineer-in-microsoft-azure-cloud-krakow-data
ETL,advanced,https://justjoin.it/job-offer/avanade-poland-senior-data-engineer-in-microsoft-azure-cloud-krakow-data
Azure Databricks,advanced,https://justjoin.it/job-offer/avanade-poland-senior-data-engineer-in-microsoft-azure-cloud-krakow-data
Microsoft Azure Cloud,advanced,https://justjoin.it/job-offer/avanade-poland-senior-data-engineer-in-microsoft-azure-cloud-krakow-data
Databricks,advanced,https://justjoin.it/job-offer/avanade-poland-senior-data-engineer-in-microsoft-azure-cloud-krakow-data
Azure Services,advanced,https://justjoin.it/job-offer/avanade-poland-senior-data-engineer-in-microsoft-azure-cloud-krakow-data
Python,advanced,https://justjoin.it/job-offer/avanade-poland-senior-data-engineer-in-microsoft-azure-cloud-krakow-data
PySpark,advanced,https://justjoin.it/job-offer/cshark-data-engineer-wroclaw-data
Spark,advanced,https://justjoin.it/job-offer/cshark-data-engineer-wroclaw-data
Python,advanced,https://justjoin.it/job-offer/cshark-data-engineer-wroclaw-data
Data Engineering,advanced,https://justjoin.it/job-offer/cshark-data-engineer-wroclaw-data
Microsoft Azure,regular,https://justjoin.it/job-offer/cshark-data-engineer-wroclaw-data
.NET Core,nice to have,https://justjoin.it/job-offer/cshark-data-engineer-wroclaw-data
Airflow,advanced,https://justjoin.it/job-offer/xebia-sp-z-o-o---lead-senior-gcp-data-engineer-with-airflow-wroclaw-data
Google Cloud Platform,advanced,https://justjoin.it/job-offer/xebia-sp-z-o-o---lead-senior-gcp-data-engineer-with-airflow-wroclaw-data
SQL,advanced,https://justjoin.it/job-offer/xebia-sp-z-o-o---lead-senior-gcp-data-engineer-with-airflow-wroclaw-data
Python,advanced,https://justjoin.it/job-offer/xebia-sp-z-o-o---lead-senior-gcp-data-engineer-with-airflow-wroclaw-data
DBT,regular,https://justjoin.it/job-offer/xebia-sp-z-o-o---lead-senior-gcp-data-engineer-with-airflow-wroclaw-data
English,b2,https://justjoin.it/job-offer/link-group-data-engineer-with-python-warszawa-data
Python,advanced,https://justjoin.it/job-offer/link-group-data-engineer-with-python-warszawa-data
database development,regular,https://justjoin.it/job-offer/link-group-data-engineer-with-python-warszawa-data
Data Warehousing,regular,https://justjoin.it/job-offer/link-group-data-engineer-with-python-warszawa-data
Agile,regular,https://justjoin.it/job-offer/link-group-data-engineer-with-python-warszawa-data
Data Engineering,regular,https://justjoin.it/job-offer/link-group-data-engineer-with-python-warszawa-data
Data pipelining,regular,https://justjoin.it/job-offer/link-group-data-engineer-with-python-warszawa-data
English,c1,https://justjoin.it/job-offer/emagine-polska-senior-data-engineer-data-lakehouse-platform-on-snowflake-and-dbt-warszawa-data
SQL,advanced,https://justjoin.it/job-offer/emagine-polska-senior-data-engineer-data-lakehouse-platform-on-snowflake-and-dbt-warszawa-data
Python,advanced,https://justjoin.it/job-offer/emagine-polska-senior-data-engineer-data-lakehouse-platform-on-snowflake-and-dbt-warszawa-data
CI/CD,advanced,https://justjoin.it/job-offer/emagine-polska-senior-data-engineer-data-lakehouse-platform-on-snowflake-and-dbt-warszawa-data
Git,advanced,https://justjoin.it/job-offer/emagine-polska-senior-data-engineer-data-lakehouse-platform-on-snowflake-and-dbt-warszawa-data
DBT,regular,https://justjoin.it/job-offer/emagine-polska-senior-data-engineer-data-lakehouse-platform-on-snowflake-and-dbt-warszawa-data
Snowflake,regular,https://justjoin.it/job-offer/emagine-polska-senior-data-engineer-data-lakehouse-platform-on-snowflake-and-dbt-warszawa-data
IaaC,regular,https://justjoin.it/job-offer/emagine-polska-senior-data-engineer-data-lakehouse-platform-on-snowflake-and-dbt-warszawa-data
SAP,regular,https://justjoin.it/job-offer/emagine-polska-senior-data-engineer-data-lakehouse-platform-on-snowflake-and-dbt-warszawa-data
jinja,nice to have,https://justjoin.it/job-offer/emagine-polska-senior-data-engineer-data-lakehouse-platform-on-snowflake-and-dbt-warszawa-data
English,b2,https://justjoin.it/job-offer/emagine-polska-data-engineer-warszawa-data-6f9e62e4
Data Engineering,advanced,https://justjoin.it/job-offer/emagine-polska-data-engineer-warszawa-data-6f9e62e4
Apache Airflow or Hadoop,regular,https://justjoin.it/job-offer/emagine-polska-data-engineer-warszawa-data-6f9e62e4
Tableau or Looker,regular,https://justjoin.it/job-offer/emagine-polska-data-engineer-warszawa-data-6f9e62e4
Google Cloud Platform (GCP),regular,https://justjoin.it/job-offer/emagine-polska-data-engineer-warszawa-data-6f9e62e4
Data modeling,regular,https://justjoin.it/job-offer/emagine-polska-data-engineer-warszawa-data-6f9e62e4
PySpark,regular,https://justjoin.it/job-offer/n-ix-strong-middle-data-engineer-krakow-data
Azure,regular,https://justjoin.it/job-offer/n-ix-strong-middle-data-engineer-krakow-data
SQL,regular,https://justjoin.it/job-offer/n-ix-strong-middle-data-engineer-krakow-data
big data technologies,regular,https://justjoin.it/job-offer/n-ix-strong-middle-data-engineer-krakow-data
Python,regular,https://justjoin.it/job-offer/n-ix-strong-middle-data-engineer-krakow-data
Big Data,advanced,https://justjoin.it/job-offer/visa-associate-analytics-data-engineer-warszawa-data
Hadoop,advanced,https://justjoin.it/job-offer/visa-associate-analytics-data-engineer-warszawa-data
Spark,advanced,https://justjoin.it/job-offer/visa-associate-analytics-data-engineer-warszawa-data
Hive,advanced,https://justjoin.it/job-offer/visa-associate-analytics-data-engineer-warszawa-data
PySpark,advanced,https://justjoin.it/job-offer/visa-associate-analytics-data-engineer-warszawa-data
Scala,advanced,https://justjoin.it/job-offer/visa-associate-analytics-data-engineer-warszawa-data
English,b2,https://justjoin.it/job-offer/infoplus-technologies-data-engineer-with-kafka-warszawa-data
SQL,master,https://justjoin.it/job-offer/infoplus-technologies-data-engineer-with-kafka-warszawa-data
Apache Kafka,advanced,https://justjoin.it/job-offer/infoplus-technologies-data-engineer-with-kafka-warszawa-data
AWS,advanced,https://justjoin.it/job-offer/infoplus-technologies-data-engineer-with-kafka-warszawa-data
Spark,advanced,https://justjoin.it/job-offer/infoplus-technologies-data-engineer-with-kafka-warszawa-data
Java,regular,https://justjoin.it/job-offer/infoplus-technologies-data-engineer-with-kafka-warszawa-data
Data Engineering,advanced,https://justjoin.it/job-offer/link-group-lead-data-engineer-aws-warszawa-data
Airflow,regular,https://justjoin.it/job-offer/link-group-lead-data-engineer-aws-warszawa-data
Snowflake,regular,https://justjoin.it/job-offer/link-group-lead-data-engineer-aws-warszawa-data
DBT,regular,https://justjoin.it/job-offer/link-group-lead-data-engineer-aws-warszawa-data
Python,regular,https://justjoin.it/job-offer/link-group-lead-data-engineer-aws-warszawa-data
Spark,regular,https://justjoin.it/job-offer/link-group-lead-data-engineer-aws-warszawa-data
SQL,regular,https://justjoin.it/job-offer/link-group-lead-data-engineer-aws-warszawa-data
AWS,regular,https://justjoin.it/job-offer/link-group-lead-data-engineer-aws-warszawa-data
Apache Druid,nice to have,https://justjoin.it/job-offer/link-group-lead-data-engineer-aws-warszawa-data
AWS Glue,nice to have,https://justjoin.it/job-offer/link-group-lead-data-engineer-aws-warszawa-data
Polish,c1,https://justjoin.it/job-offer/digiteum-senior-data-engineer-python-sql-aws--gdansk-data
English,c1,https://justjoin.it/job-offer/digiteum-senior-data-engineer-python-sql-aws--gdansk-data
Python,advanced,https://justjoin.it/job-offer/digiteum-senior-data-engineer-python-sql-aws--gdansk-data
ETL tools,regular,https://justjoin.it/job-offer/digiteum-senior-data-engineer-python-sql-aws--gdansk-data
Databases,regular,https://justjoin.it/job-offer/digiteum-senior-data-engineer-python-sql-aws--gdansk-data
Amazon AWS,regular,https://justjoin.it/job-offer/digiteum-senior-data-engineer-python-sql-aws--gdansk-data
SQL,regular,https://justjoin.it/job-offer/digiteum-senior-data-engineer-python-sql-aws--gdansk-data
English,b2,https://justjoin.it/job-offer/colliers-senior-data-engineer-emea-warszawa-data
GCP,advanced,https://justjoin.it/job-offer/colliers-senior-data-engineer-emea-warszawa-data
Google Dataflow,advanced,https://justjoin.it/job-offer/colliers-senior-data-engineer-emea-warszawa-data
Python,regular,https://justjoin.it/job-offer/colliers-senior-data-engineer-emea-warszawa-data
SQL,regular,https://justjoin.it/job-offer/colliers-senior-data-engineer-emea-warszawa-data
NoSQL,regular,https://justjoin.it/job-offer/colliers-senior-data-engineer-emea-warszawa-data
ETL,regular,https://justjoin.it/job-offer/colliers-senior-data-engineer-emea-warszawa-data
BigQuery,regular,https://justjoin.it/job-offer/colliers-senior-data-engineer-emea-warszawa-data
DevOps,regular,https://justjoin.it/job-offer/colliers-senior-data-engineer-emea-warszawa-data
Machine Learning,advanced,https://justjoin.it/job-offer/paramount-staff-data-engineer-warszawa-data
Databases,regular,https://justjoin.it/job-offer/paramount-staff-data-engineer-warszawa-data
Python,regular,https://justjoin.it/job-offer/paramount-staff-data-engineer-warszawa-data
Big Data,regular,https://justjoin.it/job-offer/paramount-staff-data-engineer-warszawa-data
Cloud Computing,regular,https://justjoin.it/job-offer/paramount-staff-data-engineer-warszawa-data
Apache,regular,https://justjoin.it/job-offer/paramount-staff-data-engineer-warszawa-data
PySpark,regular,https://justjoin.it/job-offer/n-ix-strong-middle-data-engineer-azure-databricks--warszawa-data
Azure,regular,https://justjoin.it/job-offer/n-ix-strong-middle-data-engineer-azure-databricks--warszawa-data
Python,regular,https://justjoin.it/job-offer/n-ix-strong-middle-data-engineer-azure-databricks--warszawa-data
Big Data,regular,https://justjoin.it/job-offer/n-ix-strong-middle-data-engineer-azure-databricks--warszawa-data
Azure,regular,https://justjoin.it/job-offer/n-ix-middle-data-engineer-databricks--krakow-data
Databricks,regular,https://justjoin.it/job-offer/n-ix-middle-data-engineer-databricks--krakow-data
Python,regular,https://justjoin.it/job-offer/n-ix-middle-data-engineer-databricks--krakow-data
Apache Spark,regular,https://justjoin.it/job-offer/n-ix-middle-data-engineer-databricks--krakow-data
English,b2,https://justjoin.it/job-offer/cyclad-senior-data-engineer-databricks--warszawa-data
Polish,c1,https://justjoin.it/job-offer/cyclad-senior-data-engineer-databricks--warszawa-data
Azure,advanced,https://justjoin.it/job-offer/cyclad-senior-data-engineer-databricks--warszawa-data
Databricks,advanced,https://justjoin.it/job-offer/cyclad-senior-data-engineer-databricks--warszawa-data
SQL,advanced,https://justjoin.it/job-offer/cyclad-senior-data-engineer-databricks--warszawa-data
Python,advanced,https://justjoin.it/job-offer/cyclad-senior-data-engineer-databricks--warszawa-data
ETL,regular,https://justjoin.it/job-offer/cyclad-senior-data-engineer-databricks--warszawa-data
Databricks,advanced,https://justjoin.it/job-offer/crestt-lead-data-engineer-databricks--warszawa-data
SQL,advanced,https://justjoin.it/job-offer/crestt-lead-data-engineer-databricks--warszawa-data
Python,advanced,https://justjoin.it/job-offer/crestt-lead-data-engineer-databricks--warszawa-data
Airflow,regular,https://justjoin.it/job-offer/crestt-lead-data-engineer-databricks--warszawa-data
Apache Kafka,regular,https://justjoin.it/job-offer/crestt-lead-data-engineer-databricks--warszawa-data
Cloud,regular,https://justjoin.it/job-offer/crestt-lead-data-engineer-databricks--warszawa-data
DBT,regular,https://justjoin.it/job-offer/crestt-lead-data-engineer-databricks--warszawa-data
Databases,regular,https://justjoin.it/job-offer/crestt-lead-data-engineer-databricks--warszawa-data
Flink,regular,https://justjoin.it/job-offer/crestt-lead-data-engineer-databricks--warszawa-data
Apache Hadoop,regular,https://justjoin.it/job-offer/crestt-lead-data-engineer-databricks--warszawa-data
English,c1,https://justjoin.it/job-offer/itds-data-engineer-cybersecurity-python-sql-etl--krakow-data
Python,regular,https://justjoin.it/job-offer/itds-data-engineer-cybersecurity-python-sql-etl--krakow-data
SQL,regular,https://justjoin.it/job-offer/itds-data-engineer-cybersecurity-python-sql-etl--krakow-data
ETL,regular,https://justjoin.it/job-offer/itds-data-engineer-cybersecurity-python-sql-etl--krakow-data
Azure DevOps,junior,https://justjoin.it/job-offer/itds-data-engineer-cybersecurity-python-sql-etl--krakow-data
Git,junior,https://justjoin.it/job-offer/itds-data-engineer-cybersecurity-python-sql-etl--krakow-data
Power BI,nice to have,https://justjoin.it/job-offer/itds-data-engineer-cybersecurity-python-sql-etl--krakow-data
SQL,advanced,https://justjoin.it/job-offer/swingdev-a-hippo-company-senior-python-engineer-data--warszawa-data
Python,advanced,https://justjoin.it/job-offer/swingdev-a-hippo-company-senior-python-engineer-data--warszawa-data
Data Engineering,regular,https://justjoin.it/job-offer/swingdev-a-hippo-company-senior-python-engineer-data--warszawa-data
English,b2,https://justjoin.it/job-offer/nextchallenge-lead-data-engineer-limassol-data
CI/CD,master,https://justjoin.it/job-offer/nextchallenge-lead-data-engineer-limassol-data
SQL,master,https://justjoin.it/job-offer/nextchallenge-lead-data-engineer-limassol-data
Python,master,https://justjoin.it/job-offer/nextchallenge-lead-data-engineer-limassol-data
Amazon Web Services,master,https://justjoin.it/job-offer/nextchallenge-lead-data-engineer-limassol-data
Airflow,advanced,https://justjoin.it/job-offer/nextchallenge-lead-data-engineer-limassol-data
Kafka,advanced,https://justjoin.it/job-offer/nextchallenge-lead-data-engineer-limassol-data
English,b2,https://justjoin.it/job-offer/emagine-polska-data-engineer---common-data-layer-data-hubs-genai-warszawa-data
Polish,c1,https://justjoin.it/job-offer/emagine-polska-data-engineer---common-data-layer-data-hubs-genai-warszawa-data
Machine Learning,regular,https://justjoin.it/job-offer/emagine-polska-data-engineer---common-data-layer-data-hubs-genai-warszawa-data
CI/CD,regular,https://justjoin.it/job-offer/emagine-polska-data-engineer---common-data-layer-data-hubs-genai-warszawa-data
ETL,regular,https://justjoin.it/job-offer/emagine-polska-data-engineer---common-data-layer-data-hubs-genai-warszawa-data
Azure SQL,regular,https://justjoin.it/job-offer/emagine-polska-data-engineer---common-data-layer-data-hubs-genai-warszawa-data
AI,regular,https://justjoin.it/job-offer/emagine-polska-data-engineer---common-data-layer-data-hubs-genai-warszawa-data
ELT,regular,https://justjoin.it/job-offer/emagine-polska-data-engineer---common-data-layer-data-hubs-genai-warszawa-data
Azure Data Factory,regular,https://justjoin.it/job-offer/emagine-polska-data-engineer---common-data-layer-data-hubs-genai-warszawa-data
Terraform,regular,https://justjoin.it/job-offer/emagine-polska-data-engineer---common-data-layer-data-hubs-genai-warszawa-data
ADLS,regular,https://justjoin.it/job-offer/emagine-polska-data-engineer---common-data-layer-data-hubs-genai-warszawa-data
SQL,regular,https://justjoin.it/job-offer/emagine-polska-data-engineer---common-data-layer-data-hubs-genai-warszawa-data
Data,master,https://justjoin.it/job-offer/devapo-data-engineer-warszawa-data-3c1c96c8
Python,advanced,https://justjoin.it/job-offer/xebia-sp-z-o-o---data-engineer-with-airflow-wroclaw-data
Google Cloud Platform,advanced,https://justjoin.it/job-offer/xebia-sp-z-o-o---data-engineer-with-airflow-wroclaw-data
Airflow,regular,https://justjoin.it/job-offer/xebia-sp-z-o-o---data-engineer-with-airflow-wroclaw-data
SQL,regular,https://justjoin.it/job-offer/xebia-sp-z-o-o---data-engineer-with-airflow-wroclaw-data
Python,advanced,https://justjoin.it/job-offer/ergo-technology-services-senior-data-engineer-common-data-layer-data-hubs-genai--warszawa-data
SQL,advanced,https://justjoin.it/job-offer/ergo-technology-services-senior-data-engineer-common-data-layer-data-hubs-genai--warszawa-data
English,advanced,https://justjoin.it/job-offer/ergo-technology-services-senior-data-engineer-common-data-layer-data-hubs-genai--warszawa-data
Databricks,regular,https://justjoin.it/job-offer/ergo-technology-services-senior-data-engineer-common-data-layer-data-hubs-genai--warszawa-data
Azure Data Factory,regular,https://justjoin.it/job-offer/ergo-technology-services-senior-data-engineer-common-data-layer-data-hubs-genai--warszawa-data
Apache Spark,regular,https://justjoin.it/job-offer/ergo-technology-services-senior-data-engineer-common-data-layer-data-hubs-genai--warszawa-data
GCP,regular,https://justjoin.it/job-offer/capco-poland-big-data-engineer-python-gcp-banking-krakow-hybrid--krakow-data
BigQuery,regular,https://justjoin.it/job-offer/capco-poland-big-data-engineer-python-gcp-banking-krakow-hybrid--krakow-data
GCS,regular,https://justjoin.it/job-offer/capco-poland-big-data-engineer-python-gcp-banking-krakow-hybrid--krakow-data
Dataproc,regular,https://justjoin.it/job-offer/capco-poland-big-data-engineer-python-gcp-banking-krakow-hybrid--krakow-data
Python,regular,https://justjoin.it/job-offer/capco-poland-big-data-engineer-python-gcp-banking-krakow-hybrid--krakow-data
SQL,regular,https://justjoin.it/job-offer/capco-poland-big-data-engineer-python-gcp-banking-krakow-hybrid--krakow-data
NoSQL,regular,https://justjoin.it/job-offer/capco-poland-big-data-engineer-python-gcp-banking-krakow-hybrid--krakow-data
REST API,regular,https://justjoin.it/job-offer/capco-poland-big-data-engineer-python-gcp-banking-krakow-hybrid--krakow-data
PySpark,nice to have,https://justjoin.it/job-offer/capco-poland-big-data-engineer-python-gcp-banking-krakow-hybrid--krakow-data
Azure Data Lake Gen2,master,https://justjoin.it/job-offer/bayer-sp-z-o-o--sr-data-engineer---product-core-data-asset-warszawa-data
Snowflake,master,https://justjoin.it/job-offer/bayer-sp-z-o-o--sr-data-engineer---product-core-data-asset-warszawa-data
Databricks,master,https://justjoin.it/job-offer/bayer-sp-z-o-o--sr-data-engineer---product-core-data-asset-warszawa-data
GitHub,master,https://justjoin.it/job-offer/bayer-sp-z-o-o--sr-data-engineer---product-core-data-asset-warszawa-data
ETL,advanced,https://justjoin.it/job-offer/itds-data-engineer-cybersecurity-department--krakow-data
Azure CLI,advanced,https://justjoin.it/job-offer/itds-data-engineer-cybersecurity-department--krakow-data
SQL,advanced,https://justjoin.it/job-offer/itds-data-engineer-cybersecurity-department--krakow-data
Azure DevOps,advanced,https://justjoin.it/job-offer/itds-data-engineer-cybersecurity-department--krakow-data
Python,advanced,https://justjoin.it/job-offer/itds-data-engineer-cybersecurity-department--krakow-data
Databricks,regular,https://justjoin.it/job-offer/itds-data-engineer-cybersecurity-department--krakow-data
Azure Data Factory,nice to have,https://justjoin.it/job-offer/itds-data-engineer-cybersecurity-department--krakow-data
ETL,regular,https://justjoin.it/job-offer/grid-dynamics-poland-senior-big-data-engineer-krakow-data
Spark,regular,https://justjoin.it/job-offer/grid-dynamics-poland-senior-big-data-engineer-krakow-data
Hadoop,regular,https://justjoin.it/job-offer/grid-dynamics-poland-senior-big-data-engineer-krakow-data
Kafka,regular,https://justjoin.it/job-offer/grid-dynamics-poland-senior-big-data-engineer-krakow-data
Java,regular,https://justjoin.it/job-offer/grid-dynamics-poland-senior-big-data-engineer-krakow-data
Python,regular,https://justjoin.it/job-offer/grid-dynamics-poland-senior-big-data-engineer-krakow-data
Azure,advanced,https://justjoin.it/job-offer/addepto-senior-data-engineer-databricks--warszawa-data-b56a0db2
Databricks,advanced,https://justjoin.it/job-offer/addepto-senior-data-engineer-databricks--warszawa-data-b56a0db2
SQL,advanced,https://justjoin.it/job-offer/addepto-senior-data-engineer-databricks--warszawa-data-b56a0db2
Python,advanced,https://justjoin.it/job-offer/addepto-senior-data-engineer-databricks--warszawa-data-b56a0db2
Big Data,advanced,https://justjoin.it/job-offer/addepto-senior-data-engineer-databricks--warszawa-data-b56a0db2
Airflow,regular,https://justjoin.it/job-offer/addepto-senior-data-engineer-databricks--warszawa-data-b56a0db2
Apache Spark,regular,https://justjoin.it/job-offer/addepto-senior-data-engineer-databricks--warszawa-data-b56a0db2
Apache Kafka,nice to have,https://justjoin.it/job-offer/addepto-senior-data-engineer-databricks--warszawa-data-b56a0db2
DBT,nice to have,https://justjoin.it/job-offer/addepto-senior-data-engineer-databricks--warszawa-data-b56a0db2
Dagster,nice to have,https://justjoin.it/job-offer/addepto-senior-data-engineer-databricks--warszawa-data-b56a0db2
English,b2,https://justjoin.it/job-offer/remodevs-senior-data-engineer-warszawa-data
DBT,advanced,https://justjoin.it/job-offer/remodevs-senior-data-engineer-warszawa-data
SQL,advanced,https://justjoin.it/job-offer/remodevs-senior-data-engineer-warszawa-data
ETL,advanced,https://justjoin.it/job-offer/remodevs-senior-data-engineer-warszawa-data
Databricks,advanced,https://justjoin.it/job-offer/remodevs-senior-data-engineer-warszawa-data
Python,regular,https://justjoin.it/job-offer/remodevs-senior-data-engineer-warszawa-data
Snowflake,regular,https://justjoin.it/job-offer/remodevs-senior-data-engineer-warszawa-data
AWS,nice to have,https://justjoin.it/job-offer/remodevs-senior-data-engineer-warszawa-data
Airflow,nice to have,https://justjoin.it/job-offer/remodevs-senior-data-engineer-warszawa-data
Polish,b2,https://justjoin.it/job-offer/nexio-management-senior-data-engineer-gcp--warszawa-data
SQL,master,https://justjoin.it/job-offer/nexio-management-senior-data-engineer-gcp--warszawa-data
GCP,advanced,https://justjoin.it/job-offer/nexio-management-senior-data-engineer-gcp--warszawa-data
BigQuery,advanced,https://justjoin.it/job-offer/nexio-management-senior-data-engineer-gcp--warszawa-data
BI,advanced,https://justjoin.it/job-offer/nexio-management-senior-data-engineer-gcp--warszawa-data
Qlik Sense,regular,https://justjoin.it/job-offer/nexio-management-senior-data-engineer-gcp--warszawa-data
Looker,regular,https://justjoin.it/job-offer/nexio-management-senior-data-engineer-gcp--warszawa-data
Tableau,regular,https://justjoin.it/job-offer/nexio-management-senior-data-engineer-gcp--warszawa-data
Azure,advanced,https://justjoin.it/job-offer/addepto-data-engineer-databricks--warszawa-data-ee0396a1
Databricks,advanced,https://justjoin.it/job-offer/addepto-data-engineer-databricks--warszawa-data-ee0396a1
SQL,advanced,https://justjoin.it/job-offer/addepto-data-engineer-databricks--warszawa-data-ee0396a1
Python,advanced,https://justjoin.it/job-offer/addepto-data-engineer-databricks--warszawa-data-ee0396a1
Big Data,advanced,https://justjoin.it/job-offer/addepto-data-engineer-databricks--warszawa-data-ee0396a1
Airflow,nice to have,https://justjoin.it/job-offer/addepto-data-engineer-databricks--warszawa-data-ee0396a1
DBT,nice to have,https://justjoin.it/job-offer/addepto-data-engineer-databricks--warszawa-data-ee0396a1
Power BI,nice to have,https://justjoin.it/job-offer/addepto-data-engineer-databricks--warszawa-data-ee0396a1
Dagster,nice to have,https://justjoin.it/job-offer/addepto-data-engineer-databricks--warszawa-data-ee0396a1
Apache Spark,nice to have,https://justjoin.it/job-offer/addepto-data-engineer-databricks--warszawa-data-ee0396a1
English,b2,https://justjoin.it/job-offer/emagine-polska-senior-data-engineer-gcp-python--poland-remote--data
GCP,advanced,https://justjoin.it/job-offer/emagine-polska-senior-data-engineer-gcp-python--poland-remote--data
Python,advanced,https://justjoin.it/job-offer/emagine-polska-senior-data-engineer-gcp-python--poland-remote--data
Data Engineering,advanced,https://justjoin.it/job-offer/emagine-polska-senior-data-engineer-gcp-python--poland-remote--data
Airflow,regular,https://justjoin.it/job-offer/emagine-polska-senior-data-engineer-gcp-python--poland-remote--data
Terraform,regular,https://justjoin.it/job-offer/emagine-polska-senior-data-engineer-gcp-python--poland-remote--data
Data Lake,regular,https://justjoin.it/job-offer/natek-data-engineer-databricks--warszawa-data
ETL,regular,https://justjoin.it/job-offer/natek-data-engineer-databricks--warszawa-data
Azure,regular,https://justjoin.it/job-offer/natek-data-engineer-databricks--warszawa-data
Databricks,regular,https://justjoin.it/job-offer/natek-data-engineer-databricks--warszawa-data
SQL,regular,https://justjoin.it/job-offer/natek-data-engineer-databricks--warszawa-data
Python,junior,https://justjoin.it/job-offer/natek-data-engineer-databricks--warszawa-data
English,b2,https://justjoin.it/job-offer/crodu-databricks-engineer-with-yellowbricks--krakow-data
PySpark,advanced,https://justjoin.it/job-offer/crodu-databricks-engineer-with-yellowbricks--krakow-data
Azure,advanced,https://justjoin.it/job-offer/crodu-databricks-engineer-with-yellowbricks--krakow-data
Databricks,advanced,https://justjoin.it/job-offer/crodu-databricks-engineer-with-yellowbricks--krakow-data
Python,advanced,https://justjoin.it/job-offer/crodu-databricks-engineer-with-yellowbricks--krakow-data
AWS,regular,https://justjoin.it/job-offer/crodu-databricks-engineer-with-yellowbricks--krakow-data
YellowBrick,regular,https://justjoin.it/job-offer/crodu-databricks-engineer-with-yellowbricks--krakow-data
English,c1,https://justjoin.it/job-offer/provectus-senior-data-engineer-wroclaw-data
AWS,advanced,https://justjoin.it/job-offer/provectus-senior-data-engineer-wroclaw-data
Airflow,regular,https://justjoin.it/job-offer/provectus-senior-data-engineer-wroclaw-data
Spark,regular,https://justjoin.it/job-offer/provectus-senior-data-engineer-wroclaw-data
Python,regular,https://justjoin.it/job-offer/provectus-senior-data-engineer-wroclaw-data
Spark,advanced,https://justjoin.it/job-offer/dcg-senior-azure-data-engineer-with-databricks-warszawa-data
Databricks,advanced,https://justjoin.it/job-offer/dcg-senior-azure-data-engineer-with-databricks-warszawa-data
SQL,regular,https://justjoin.it/job-offer/dcg-senior-azure-data-engineer-with-databricks-warszawa-data
T-SQL,advanced,https://justjoin.it/job-offer/datariselab-sp-z-o-o--remote-senior-data-engineer-wroclaw-data
Azure SQL,advanced,https://justjoin.it/job-offer/datariselab-sp-z-o-o--remote-senior-data-engineer-wroclaw-data
Azure Data Factory,advanced,https://justjoin.it/job-offer/datariselab-sp-z-o-o--remote-senior-data-engineer-wroclaw-data
English,advanced,https://justjoin.it/job-offer/datariselab-sp-z-o-o--remote-senior-data-engineer-wroclaw-data
Synapse Analitics,regular,https://justjoin.it/job-offer/datariselab-sp-z-o-o--remote-senior-data-engineer-wroclaw-data
Azure DevOps,regular,https://justjoin.it/job-offer/datariselab-sp-z-o-o--remote-senior-data-engineer-wroclaw-data
Databricks,regular,https://justjoin.it/job-offer/datariselab-sp-z-o-o--remote-senior-data-engineer-wroclaw-data
English,b2,https://justjoin.it/job-offer/emagine-polska-data-engineer-azure-databricks-spark--warszawa-data
Azure Databricks,regular,https://justjoin.it/job-offer/emagine-polska-data-engineer-azure-databricks-spark--warszawa-data
Azure Data Factory,regular,https://justjoin.it/job-offer/emagine-polska-data-engineer-azure-databricks-spark--warszawa-data
Azure Data Lake Storage,regular,https://justjoin.it/job-offer/emagine-polska-data-engineer-azure-databricks-spark--warszawa-data
Azure DevOps,regular,https://justjoin.it/job-offer/emagine-polska-data-engineer-azure-databricks-spark--warszawa-data
Spark,regular,https://justjoin.it/job-offer/emagine-polska-data-engineer-azure-databricks-spark--warszawa-data
Spark SQL,regular,https://justjoin.it/job-offer/emagine-polska-data-engineer-azure-databricks-spark--warszawa-data
Python,regular,https://justjoin.it/job-offer/emagine-polska-data-engineer-azure-databricks-spark--warszawa-data
Git,regular,https://justjoin.it/job-offer/emagine-polska-data-engineer-azure-databricks-spark--warszawa-data
CI/CD,regular,https://justjoin.it/job-offer/emagine-polska-data-engineer-azure-databricks-spark--warszawa-data
SDLC,regular,https://justjoin.it/job-offer/emagine-polska-data-engineer-azure-databricks-spark--warszawa-data
Azure Data Lake Gen2,master,https://justjoin.it/job-offer/bayer-sp-z-o-o--sr-data-engineer---product-supply-analytics-warszawa-data
Databricks,master,https://justjoin.it/job-offer/bayer-sp-z-o-o--sr-data-engineer---product-supply-analytics-warszawa-data
Snowflake,master,https://justjoin.it/job-offer/bayer-sp-z-o-o--sr-data-engineer---product-supply-analytics-warszawa-data
GitHub,master,https://justjoin.it/job-offer/bayer-sp-z-o-o--sr-data-engineer---product-supply-analytics-warszawa-data
Python,advanced,https://justjoin.it/job-offer/jit-team-senior-data-engineer-warszawa-data-92585b42
English,advanced,https://justjoin.it/job-offer/jit-team-senior-data-engineer-warszawa-data-92585b42
Databricks,regular,https://justjoin.it/job-offer/jit-team-senior-data-engineer-warszawa-data-92585b42
PySpark,regular,https://justjoin.it/job-offer/jit-team-senior-data-engineer-warszawa-data-92585b42
SQL,regular,https://justjoin.it/job-offer/jit-team-senior-data-engineer-warszawa-data-92585b42
Azure,master,https://justjoin.it/job-offer/leverx-azure-data-engineer-wroclaw-data
Azure Services,master,https://justjoin.it/job-offer/leverx-azure-data-engineer-wroclaw-data
Azure DevOps,master,https://justjoin.it/job-offer/leverx-azure-data-engineer-wroclaw-data
SQL,advanced,https://justjoin.it/job-offer/leverx-azure-data-engineer-wroclaw-data
DevOps,advanced,https://justjoin.it/job-offer/leverx-azure-data-engineer-wroclaw-data
Python,regular,https://justjoin.it/job-offer/leverx-azure-data-engineer-wroclaw-data
Spark,advanced,https://justjoin.it/job-offer/itds-data-engineer-spark-scala--krakow-data
Scala,advanced,https://justjoin.it/job-offer/itds-data-engineer-spark-scala--krakow-data
Apache Airflow,regular,https://justjoin.it/job-offer/itds-data-engineer-spark-scala--krakow-data
Hadoop,regular,https://justjoin.it/job-offer/itds-data-engineer-spark-scala--krakow-data
GCP,regular,https://justjoin.it/job-offer/itds-data-engineer-spark-scala--krakow-data
Jenkins,junior,https://justjoin.it/job-offer/itds-data-engineer-spark-scala--krakow-data
Git,junior,https://justjoin.it/job-offer/itds-data-engineer-spark-scala--krakow-data
API,advanced,https://justjoin.it/job-offer/team-connect-big-data-engineer-krakow-data
SQL,advanced,https://justjoin.it/job-offer/team-connect-big-data-engineer-krakow-data
Python,advanced,https://justjoin.it/job-offer/team-connect-big-data-engineer-krakow-data
Cloud,regular,https://justjoin.it/job-offer/team-connect-big-data-engineer-krakow-data
English,b2,https://justjoin.it/job-offer/alfa-laval-data-engineer-krakow-data
Azure Databricks,advanced,https://justjoin.it/job-offer/alfa-laval-data-engineer-krakow-data
SQL Spark,regular,https://justjoin.it/job-offer/alfa-laval-data-engineer-krakow-data
Python Spark,regular,https://justjoin.it/job-offer/alfa-laval-data-engineer-krakow-data
Azure DevOps,regular,https://justjoin.it/job-offer/alfa-laval-data-engineer-krakow-data
Azure Data Factory,regular,https://justjoin.it/job-offer/alfa-laval-data-engineer-krakow-data
LakeHouse,junior,https://justjoin.it/job-offer/alfa-laval-data-engineer-krakow-data
Kimball,junior,https://justjoin.it/job-offer/alfa-laval-data-engineer-krakow-data
English,c1,https://justjoin.it/job-offer/emagine-polska-data-engineer-from-fintech-warszawa-data
Data Engineering,regular,https://justjoin.it/job-offer/emagine-polska-data-engineer-from-fintech-warszawa-data
Python,regular,https://justjoin.it/job-offer/emagine-polska-data-engineer-from-fintech-warszawa-data
SQL,regular,https://justjoin.it/job-offer/emagine-polska-data-engineer-from-fintech-warszawa-data
ETL,regular,https://justjoin.it/job-offer/emagine-polska-data-engineer-from-fintech-warszawa-data
Tableau,regular,https://justjoin.it/job-offer/emagine-polska-data-engineer-from-fintech-warszawa-data
Snowflake,junior,https://justjoin.it/job-offer/emagine-polska-data-engineer-from-fintech-warszawa-data
Matillion,junior,https://justjoin.it/job-offer/emagine-polska-data-engineer-from-fintech-warszawa-data
Data Vault,junior,https://justjoin.it/job-offer/emagine-polska-data-engineer-from-fintech-warszawa-data
English,b2,https://justjoin.it/job-offer/in4ge-sp-z-o-o--data-engineer-azure-databricks--warszawa-data
Apache Spark,regular,https://justjoin.it/job-offer/in4ge-sp-z-o-o--data-engineer-azure-databricks--warszawa-data
PySpark,regular,https://justjoin.it/job-offer/in4ge-sp-z-o-o--data-engineer-azure-databricks--warszawa-data
Azure,regular,https://justjoin.it/job-offer/in4ge-sp-z-o-o--data-engineer-azure-databricks--warszawa-data
Databricks,regular,https://justjoin.it/job-offer/in4ge-sp-z-o-o--data-engineer-azure-databricks--warszawa-data
Delta Lake,regular,https://justjoin.it/job-offer/in4ge-sp-z-o-o--data-engineer-azure-databricks--warszawa-data
Python,regular,https://justjoin.it/job-offer/in4ge-sp-z-o-o--data-engineer-azure-databricks--warszawa-data
SQL,regular,https://justjoin.it/job-offer/in4ge-sp-z-o-o--data-engineer-azure-databricks--warszawa-data
Python,advanced,https://justjoin.it/job-offer/antal-sp-z-o-o--senior-azure-data-engineer-with-databricks-warszawa-data
Azure,advanced,https://justjoin.it/job-offer/antal-sp-z-o-o--senior-azure-data-engineer-with-databricks-warszawa-data
Databricks,advanced,https://justjoin.it/job-offer/antal-sp-z-o-o--senior-azure-data-engineer-with-databricks-warszawa-data
Python,master,https://justjoin.it/job-offer/saventic-health-sp-z-o-o--senior-data-enginner-healthcare-ai--warszawa-data
PostgreSQL,advanced,https://justjoin.it/job-offer/saventic-health-sp-z-o-o--senior-data-enginner-healthcare-ai--warszawa-data
data validation,advanced,https://justjoin.it/job-offer/saventic-health-sp-z-o-o--senior-data-enginner-healthcare-ai--warszawa-data
Cloud & Infrastructure,advanced,https://justjoin.it/job-offer/saventic-health-sp-z-o-o--senior-data-enginner-healthcare-ai--warszawa-data
Linux,advanced,https://justjoin.it/job-offer/saventic-health-sp-z-o-o--senior-data-enginner-healthcare-ai--warszawa-data
Apache Airflow,advanced,https://justjoin.it/job-offer/saventic-health-sp-z-o-o--senior-data-enginner-healthcare-ai--warszawa-data
Data,advanced,https://justjoin.it/job-offer/link-group-data-center-engineer---database-warszawa-data
Databases,advanced,https://justjoin.it/job-offer/link-group-data-center-engineer---database-warszawa-data
SQL,advanced,https://justjoin.it/job-offer/link-group-data-center-engineer---database-warszawa-data
Linux/Windows,regular,https://justjoin.it/job-offer/link-group-data-center-engineer---database-warszawa-data
Polish,c2,https://justjoin.it/job-offer/astek-polska-senior-data-engineer-architekt-wroclaw-data
English,b2,https://justjoin.it/job-offer/astek-polska-senior-data-engineer-architekt-wroclaw-data
AWS,master,https://justjoin.it/job-offer/astek-polska-senior-data-engineer-architekt-wroclaw-data
aws lambda,master,https://justjoin.it/job-offer/astek-polska-senior-data-engineer-architekt-wroclaw-data
ETL,master,https://justjoin.it/job-offer/astek-polska-senior-data-engineer-architekt-wroclaw-data
Kafka,advanced,https://justjoin.it/job-offer/astek-polska-senior-data-engineer-architekt-wroclaw-data
Redshift,advanced,https://justjoin.it/job-offer/astek-polska-senior-data-engineer-architekt-wroclaw-data
Oracle,advanced,https://justjoin.it/job-offer/astek-polska-senior-data-engineer-architekt-wroclaw-data
s3,advanced,https://justjoin.it/job-offer/astek-polska-senior-data-engineer-architekt-wroclaw-data
Databricks,regular,https://justjoin.it/job-offer/bank-millennium-data-engineer-databricks--warszawa-data
SQL,regular,https://justjoin.it/job-offer/bank-millennium-data-engineer-databricks--warszawa-data
Python,regular,https://justjoin.it/job-offer/bank-millennium-data-engineer-databricks--warszawa-data
Big Data,regular,https://justjoin.it/job-offer/bank-millennium-data-engineer-databricks--warszawa-data
IaC,nice to have,https://justjoin.it/job-offer/bank-millennium-data-engineer-databricks--warszawa-data
Azure,nice to have,https://justjoin.it/job-offer/bank-millennium-data-engineer-databricks--warszawa-data
Terraform,nice to have,https://justjoin.it/job-offer/bank-millennium-data-engineer-databricks--warszawa-data
Polish,c2,https://justjoin.it/job-offer/1dea-ms-data-engineer-azure-data-factory-etl-pyspark--warszawa-data-277d1a5b
English,b2,https://justjoin.it/job-offer/1dea-ms-data-engineer-azure-data-factory-etl-pyspark--warszawa-data-277d1a5b
Azure Data Factory,advanced,https://justjoin.it/job-offer/1dea-ms-data-engineer-azure-data-factory-etl-pyspark--warszawa-data-277d1a5b
DWH,regular,https://justjoin.it/job-offer/1dea-ms-data-engineer-azure-data-factory-etl-pyspark--warszawa-data-277d1a5b
Azure,regular,https://justjoin.it/job-offer/1dea-ms-data-engineer-azure-data-factory-etl-pyspark--warszawa-data-277d1a5b
Databricks,regular,https://justjoin.it/job-offer/1dea-ms-data-engineer-azure-data-factory-etl-pyspark--warszawa-data-277d1a5b
Python,regular,https://justjoin.it/job-offer/1dea-ms-data-engineer-azure-data-factory-etl-pyspark--warszawa-data-277d1a5b
PySpark,regular,https://justjoin.it/job-offer/1dea-ms-data-engineer-azure-data-factory-etl-pyspark--warszawa-data-277d1a5b
Synapse,nice to have,https://justjoin.it/job-offer/1dea-ms-data-engineer-azure-data-factory-etl-pyspark--warszawa-data-277d1a5b
DATA MODELLING,advanced,https://justjoin.it/job-offer/n-ix-senior-hpc-data-engineer-krakow-data
HPC,advanced,https://justjoin.it/job-offer/n-ix-senior-hpc-data-engineer-krakow-data
Data Engineering,advanced,https://justjoin.it/job-offer/n-ix-senior-hpc-data-engineer-krakow-data
Big Data,advanced,https://justjoin.it/job-offer/n-ix-senior-hpc-data-engineer-krakow-data
Airflow,regular,https://justjoin.it/job-offer/n-ix-senior-hpc-data-engineer-krakow-data
C++,regular,https://justjoin.it/job-offer/n-ix-senior-hpc-data-engineer-krakow-data
Golang,regular,https://justjoin.it/job-offer/n-ix-senior-hpc-data-engineer-krakow-data
HDF5,regular,https://justjoin.it/job-offer/n-ix-senior-hpc-data-engineer-krakow-data
SQL,regular,https://justjoin.it/job-offer/n-ix-senior-hpc-data-engineer-krakow-data
Python,regular,https://justjoin.it/job-offer/n-ix-senior-hpc-data-engineer-krakow-data
ETL,advanced,https://justjoin.it/job-offer/scalo-data-engineer-data-warehouse--katowice-data
PL/SQL,advanced,https://justjoin.it/job-offer/scalo-data-engineer-data-warehouse--katowice-data
Oracle,advanced,https://justjoin.it/job-offer/scalo-data-engineer-data-warehouse--katowice-data
Databricks,master,https://justjoin.it/job-offer/ergo-technology-services-data-engineer-python-databricks--warszawa-data
English,advanced,https://justjoin.it/job-offer/ergo-technology-services-data-engineer-python-databricks--warszawa-data
PySpark,regular,https://justjoin.it/job-offer/ergo-technology-services-data-engineer-python-databricks--warszawa-data
Polish,regular,https://justjoin.it/job-offer/ergo-technology-services-data-engineer-python-databricks--warszawa-data
English,c1,https://justjoin.it/job-offer/gr8-tech-lead-data-engineer-poland-remote--data
Kafka Streams,advanced,https://justjoin.it/job-offer/gr8-tech-lead-data-engineer-poland-remote--data
Apache Kafka,advanced,https://justjoin.it/job-offer/gr8-tech-lead-data-engineer-poland-remote--data
Flink,advanced,https://justjoin.it/job-offer/gr8-tech-lead-data-engineer-poland-remote--data
CI/CD,regular,https://justjoin.it/job-offer/gr8-tech-lead-data-engineer-poland-remote--data
Project delivery,regular,https://justjoin.it/job-offer/gr8-tech-lead-data-engineer-poland-remote--data
Java,regular,https://justjoin.it/job-offer/gr8-tech-lead-data-engineer-poland-remote--data
Python,regular,https://justjoin.it/job-offer/gr8-tech-lead-data-engineer-poland-remote--data
Scala,regular,https://justjoin.it/job-offer/gr8-tech-lead-data-engineer-poland-remote--data
SQL,advanced,https://justjoin.it/job-offer/asana-senior-data-engineer-warszawa-data
AWS,regular,https://justjoin.it/job-offer/asana-senior-data-engineer-warszawa-data
Spark,regular,https://justjoin.it/job-offer/asana-senior-data-engineer-warszawa-data
Snowflake,regular,https://justjoin.it/job-offer/asana-senior-data-engineer-warszawa-data
Airflow,regular,https://justjoin.it/job-offer/asana-senior-data-engineer-warszawa-data
Databricks,nice to have,https://justjoin.it/job-offer/asana-senior-data-engineer-warszawa-data
English,b2,https://justjoin.it/job-offer/itds-data-engineer-krakow-data-f1214198
SQL,advanced,https://justjoin.it/job-offer/itds-data-engineer-krakow-data-f1214198
Google Cloud Platform,advanced,https://justjoin.it/job-offer/itds-data-engineer-krakow-data-f1214198
ETL,advanced,https://justjoin.it/job-offer/itds-data-engineer-krakow-data-f1214198
BigQuery,advanced,https://justjoin.it/job-offer/itds-data-engineer-krakow-data-f1214198
DBT,advanced,https://justjoin.it/job-offer/itds-data-engineer-krakow-data-f1214198
Apache Airflow,regular,https://justjoin.it/job-offer/itds-data-engineer-krakow-data-f1214198
Cloud Composer,regular,https://justjoin.it/job-offer/itds-data-engineer-krakow-data-f1214198
Kafka,regular,https://justjoin.it/job-offer/itds-data-engineer-krakow-data-f1214198
Looker Studio,regular,https://justjoin.it/job-offer/itds-data-engineer-krakow-data-f1214198
CI/CD,regular,https://justjoin.it/job-offer/itds-data-engineer-krakow-data-f1214198
Data,advanced,https://justjoin.it/job-offer/aiconic-data-engineer-warszawa-data
SQL,advanced,https://justjoin.it/job-offer/aiconic-data-engineer-warszawa-data
Google Cloud Platform,regular,https://justjoin.it/job-offer/aiconic-data-engineer-warszawa-data
Azure,regular,https://justjoin.it/job-offer/aiconic-data-engineer-warszawa-data
Python,regular,https://justjoin.it/job-offer/aiconic-data-engineer-warszawa-data
Airflow,advanced,https://justjoin.it/job-offer/apollo-io-senior-data-engineer-krakow-data
Data,advanced,https://justjoin.it/job-offer/apollo-io-senior-data-engineer-krakow-data
ETL,advanced,https://justjoin.it/job-offer/apollo-io-senior-data-engineer-krakow-data
AI,advanced,https://justjoin.it/job-offer/apollo-io-senior-data-engineer-krakow-data
Backend,advanced,https://justjoin.it/job-offer/link-group-big-data-engineer-warszawa-data
Big Data,advanced,https://justjoin.it/job-offer/link-group-big-data-engineer-warszawa-data
AWS,regular,https://justjoin.it/job-offer/link-group-big-data-engineer-warszawa-data
Git,regular,https://justjoin.it/job-offer/link-group-big-data-engineer-warszawa-data
SQL,regular,https://justjoin.it/job-offer/link-group-big-data-engineer-warszawa-data
English,c1,https://justjoin.it/job-offer/zendesk-senior-data-engineer-krakow-data
SQL,master,https://justjoin.it/job-offer/zendesk-senior-data-engineer-krakow-data
Snowflake,advanced,https://justjoin.it/job-offer/zendesk-senior-data-engineer-krakow-data
Python,advanced,https://justjoin.it/job-offer/zendesk-senior-data-engineer-krakow-data
Business Intelligence,advanced,https://justjoin.it/job-offer/zendesk-senior-data-engineer-krakow-data
Big Data,advanced,https://justjoin.it/job-offer/endysoft-big-data-engineer-warszawa-data
Apache Spark,advanced,https://justjoin.it/job-offer/endysoft-big-data-engineer-warszawa-data
Hadoop,advanced,https://justjoin.it/job-offer/endysoft-big-data-engineer-warszawa-data
Kafka,advanced,https://justjoin.it/job-offer/endysoft-big-data-engineer-warszawa-data
Data storage,regular,https://justjoin.it/job-offer/endysoft-big-data-engineer-warszawa-data
Data modeling,regular,https://justjoin.it/job-offer/endysoft-big-data-engineer-warszawa-data
Docker,regular,https://justjoin.it/job-offer/endysoft-big-data-engineer-warszawa-data
Kubernetes,regular,https://justjoin.it/job-offer/endysoft-big-data-engineer-warszawa-data
Bash,regular,https://justjoin.it/job-offer/dcg-data-engineer-warszawa-data-99e1a8b3
Azure,regular,https://justjoin.it/job-offer/dcg-data-engineer-warszawa-data-99e1a8b3
Python,regular,https://justjoin.it/job-offer/dcg-data-engineer-warszawa-data-99e1a8b3
Python,advanced,https://justjoin.it/job-offer/virtuslab-data-engineer-krakow-data-8c1ed2db
Data modeling,advanced,https://justjoin.it/job-offer/virtuslab-data-engineer-krakow-data-8c1ed2db
SQL,advanced,https://justjoin.it/job-offer/virtuslab-data-engineer-krakow-data-8c1ed2db
Azure,advanced,https://justjoin.it/job-offer/virtuslab-data-engineer-krakow-data-8c1ed2db
Airflow,advanced,https://justjoin.it/job-offer/virtuslab-data-engineer-krakow-data-8c1ed2db
English,advanced,https://justjoin.it/job-offer/virtuslab-data-engineer-krakow-data-8c1ed2db
Trino/Starburst,regular,https://justjoin.it/job-offer/virtuslab-data-engineer-krakow-data-8c1ed2db
Power BI,regular,https://justjoin.it/job-offer/virtuslab-data-engineer-krakow-data-8c1ed2db
DBT,regular,https://justjoin.it/job-offer/virtuslab-data-engineer-krakow-data-8c1ed2db
Terraform,junior,https://justjoin.it/job-offer/virtuslab-data-engineer-krakow-data-8c1ed2db
Big Data,advanced,https://justjoin.it/job-offer/capco-poland-senior-big-data-engineer-python-sql-banking-capital-markets--warszawa-data
ETL,advanced,https://justjoin.it/job-offer/capco-poland-senior-big-data-engineer-python-sql-banking-capital-markets--warszawa-data
SQL,advanced,https://justjoin.it/job-offer/capco-poland-senior-big-data-engineer-python-sql-banking-capital-markets--warszawa-data
Python,advanced,https://justjoin.it/job-offer/capco-poland-senior-big-data-engineer-python-sql-banking-capital-markets--warszawa-data
Data modeling,regular,https://justjoin.it/job-offer/capco-poland-senior-big-data-engineer-python-sql-banking-capital-markets--warszawa-data
PostgreSQL,regular,https://justjoin.it/job-offer/capco-poland-senior-big-data-engineer-python-sql-banking-capital-markets--warszawa-data
Snowflake,master,https://justjoin.it/job-offer/kevin-edward-data-engineer-warszawa-data-e85a9b90
Data modeling,master,https://justjoin.it/job-offer/kevin-edward-data-engineer-warszawa-data-e85a9b90
ETL,master,https://justjoin.it/job-offer/kevin-edward-data-engineer-warszawa-data-e85a9b90
Java,regular,https://justjoin.it/job-offer/kevin-edward-data-engineer-warszawa-data-e85a9b90
Python,regular,https://justjoin.it/job-offer/kevin-edward-data-engineer-warszawa-data-e85a9b90
AWS,regular,https://justjoin.it/job-offer/upvanta-sp-z-o-o--data-engineer-warszawa-data
Airflow,regular,https://justjoin.it/job-offer/upvanta-sp-z-o-o--data-engineer-warszawa-data
CI/CD,regular,https://justjoin.it/job-offer/upvanta-sp-z-o-o--data-engineer-warszawa-data
Spark,regular,https://justjoin.it/job-offer/upvanta-sp-z-o-o--data-engineer-warszawa-data
Docker,regular,https://justjoin.it/job-offer/upvanta-sp-z-o-o--data-engineer-warszawa-data
Terraform,regular,https://justjoin.it/job-offer/upvanta-sp-z-o-o--data-engineer-warszawa-data
Databricks,regular,https://justjoin.it/job-offer/upvanta-sp-z-o-o--data-engineer-warszawa-data
Kafka,regular,https://justjoin.it/job-offer/upvanta-sp-z-o-o--data-engineer-warszawa-data
SQL,regular,https://justjoin.it/job-offer/upvanta-sp-z-o-o--data-engineer-warszawa-data
Python,regular,https://justjoin.it/job-offer/upvanta-sp-z-o-o--data-engineer-warszawa-data
English,b2,https://justjoin.it/job-offer/link-group-senior-azure-data-engineer-warszawa-data-5408fc4a
Azure Databricks,regular,https://justjoin.it/job-offer/link-group-senior-azure-data-engineer-warszawa-data-5408fc4a
Spark,regular,https://justjoin.it/job-offer/link-group-senior-azure-data-engineer-warszawa-data-5408fc4a
PySpark,regular,https://justjoin.it/job-offer/link-group-senior-azure-data-engineer-warszawa-data-5408fc4a
Delta Lake,regular,https://justjoin.it/job-offer/link-group-senior-azure-data-engineer-warszawa-data-5408fc4a
Data modeling,regular,https://justjoin.it/job-offer/link-group-senior-azure-data-engineer-warszawa-data-5408fc4a
Azure Data Factory,regular,https://justjoin.it/job-offer/link-group-senior-azure-data-engineer-warszawa-data-5408fc4a
Python,regular,https://justjoin.it/job-offer/link-group-senior-azure-data-engineer-warszawa-data-5408fc4a
SQL,regular,https://justjoin.it/job-offer/link-group-senior-azure-data-engineer-warszawa-data-5408fc4a
Python,advanced,https://justjoin.it/job-offer/link-group-senior-data-engineer---python-spark-aws-warszawa-data
AWS,advanced,https://justjoin.it/job-offer/link-group-senior-data-engineer---python-spark-aws-warszawa-data
MongoDB,regular,https://justjoin.it/job-offer/link-group-senior-data-engineer---python-spark-aws-warszawa-data
Spark,regular,https://justjoin.it/job-offer/link-group-senior-data-engineer---python-spark-aws-warszawa-data
Delta Lake,regular,https://justjoin.it/job-offer/link-group-senior-data-engineer---python-spark-aws-warszawa-data
English,c1,https://justjoin.it/job-offer/h2b-group-data-engineer-gdansk-data-8c5fbb54
GCP,advanced,https://justjoin.it/job-offer/h2b-group-data-engineer-gdansk-data-8c5fbb54
BigQuery,advanced,https://justjoin.it/job-offer/h2b-group-data-engineer-gdansk-data-8c5fbb54
SQL,advanced,https://justjoin.it/job-offer/h2b-group-data-engineer-gdansk-data-8c5fbb54
Apache Airflow,regular,https://justjoin.it/job-offer/h2b-group-data-engineer-gdansk-data-8c5fbb54
Python,regular,https://justjoin.it/job-offer/h2b-group-data-engineer-gdansk-data-8c5fbb54
DataHub,nice to have,https://justjoin.it/job-offer/h2b-group-data-engineer-gdansk-data-8c5fbb54
ETL,advanced,https://justjoin.it/job-offer/antal-sp-z-o-o--data-engineer-krakow-data
Data,advanced,https://justjoin.it/job-offer/antal-sp-z-o-o--data-engineer-krakow-data
Big Query,advanced,https://justjoin.it/job-offer/antal-sp-z-o-o--data-engineer-krakow-data
GCP,advanced,https://justjoin.it/job-offer/antal-sp-z-o-o--data-engineer-krakow-data
SQL,advanced,https://justjoin.it/job-offer/antal-sp-z-o-o--data-engineer-krakow-data
Airflow,regular,https://justjoin.it/job-offer/antal-sp-z-o-o--data-engineer-krakow-data
Cloud,regular,https://justjoin.it/job-offer/antal-sp-z-o-o--data-engineer-krakow-data
English,b2,https://justjoin.it/job-offer/arla-experienced-data-engineer-gdansk-data
CI/CD,advanced,https://justjoin.it/job-offer/arla-experienced-data-engineer-gdansk-data
SQL,advanced,https://justjoin.it/job-offer/arla-experienced-data-engineer-gdansk-data
Python,advanced,https://justjoin.it/job-offer/arla-experienced-data-engineer-gdansk-data
Databricks,advanced,https://justjoin.it/job-offer/arla-experienced-data-engineer-gdansk-data
Azure Services,advanced,https://justjoin.it/job-offer/arla-experienced-data-engineer-gdansk-data
Terraform,regular,https://justjoin.it/job-offer/arla-experienced-data-engineer-gdansk-data
Airflow,advanced,https://justjoin.it/job-offer/antal-sp-z-o-o--contra-5120---data-engineer-lead-gcp-dbt-airflow--warszawa-data
GCP,advanced,https://justjoin.it/job-offer/antal-sp-z-o-o--contra-5120---data-engineer-lead-gcp-dbt-airflow--warszawa-data
Data,advanced,https://justjoin.it/job-offer/antal-sp-z-o-o--contra-5120---data-engineer-lead-gcp-dbt-airflow--warszawa-data
SQL,regular,https://justjoin.it/job-offer/antal-sp-z-o-o--contra-5120---data-engineer-lead-gcp-dbt-airflow--warszawa-data
NoSQL,regular,https://justjoin.it/job-offer/antal-sp-z-o-o--contra-5120---data-engineer-lead-gcp-dbt-airflow--warszawa-data
Airflow,advanced,https://justjoin.it/job-offer/experis-manpower-group-lead-data-engineer-wroclaw-data
Python,advanced,https://justjoin.it/job-offer/experis-manpower-group-lead-data-engineer-wroclaw-data
Snowflake,advanced,https://justjoin.it/job-offer/experis-manpower-group-lead-data-engineer-wroclaw-data
Amazon AWS,advanced,https://justjoin.it/job-offer/experis-manpower-group-lead-data-engineer-wroclaw-data
English,advanced,https://justjoin.it/job-offer/experis-manpower-group-lead-data-engineer-wroclaw-data
Kafka,advanced,https://justjoin.it/job-offer/kevin-edward-senior-data-engineer-warszawa-data
Java,advanced,https://justjoin.it/job-offer/kevin-edward-senior-data-engineer-warszawa-data
AWS,advanced,https://justjoin.it/job-offer/kevin-edward-senior-data-engineer-warszawa-data
Spark Streaming,advanced,https://justjoin.it/job-offer/kevin-edward-senior-data-engineer-warszawa-data
Flink,regular,https://justjoin.it/job-offer/kevin-edward-senior-data-engineer-warszawa-data
Polish,c1,https://justjoin.it/job-offer/emagine-polska-senior-data-engineer-warszawa-data-a4b394db
English,b2,https://justjoin.it/job-offer/emagine-polska-senior-data-engineer-warszawa-data-a4b394db
Python,advanced,https://justjoin.it/job-offer/emagine-polska-senior-data-engineer-warszawa-data-a4b394db
SQL,advanced,https://justjoin.it/job-offer/emagine-polska-senior-data-engineer-warszawa-data-a4b394db
Databricks,regular,https://justjoin.it/job-offer/emagine-polska-senior-data-engineer-warszawa-data-a4b394db
Apache Spark,regular,https://justjoin.it/job-offer/emagine-polska-senior-data-engineer-warszawa-data-a4b394db
Azure Data stack,regular,https://justjoin.it/job-offer/emagine-polska-senior-data-engineer-warszawa-data-a4b394db
CI/CD,regular,https://justjoin.it/job-offer/emagine-polska-senior-data-engineer-warszawa-data-a4b394db
Terraform,regular,https://justjoin.it/job-offer/emagine-polska-senior-data-engineer-warszawa-data-a4b394db
Kubernetes,regular,https://justjoin.it/job-offer/emagine-polska-senior-data-engineer-warszawa-data-a4b394db
AKS,regular,https://justjoin.it/job-offer/emagine-polska-senior-data-engineer-warszawa-data-a4b394db
Docker,regular,https://justjoin.it/job-offer/emagine-polska-senior-data-engineer-warszawa-data-a4b394db
AWS,regular,https://justjoin.it/job-offer/stx-next-expert-data-engineer-tech-lead-poznan-data
Google Cloud Platform,regular,https://justjoin.it/job-offer/stx-next-expert-data-engineer-tech-lead-poznan-data
PostgreSQL,regular,https://justjoin.it/job-offer/stx-next-expert-data-engineer-tech-lead-poznan-data
Azure,regular,https://justjoin.it/job-offer/stx-next-expert-data-engineer-tech-lead-poznan-data
MS SQL,regular,https://justjoin.it/job-offer/stx-next-expert-data-engineer-tech-lead-poznan-data
SQL,regular,https://justjoin.it/job-offer/stx-next-expert-data-engineer-tech-lead-poznan-data
Oracle,regular,https://justjoin.it/job-offer/stx-next-expert-data-engineer-tech-lead-poznan-data
Python,regular,https://justjoin.it/job-offer/stx-next-expert-data-engineer-tech-lead-poznan-data
Scala,regular,https://justjoin.it/job-offer/stx-next-expert-data-engineer-tech-lead-poznan-data
NoSQL,regular,https://justjoin.it/job-offer/stx-next-expert-data-engineer-tech-lead-poznan-data
Spark,advanced,https://justjoin.it/job-offer/tesco-technology-data-engineer-fulfillment-krakow
Scala,advanced,https://justjoin.it/job-offer/tesco-technology-data-engineer-fulfillment-krakow
Hive,regular,https://justjoin.it/job-offer/tesco-technology-data-engineer-fulfillment-krakow
HDFS,regular,https://justjoin.it/job-offer/tesco-technology-data-engineer-fulfillment-krakow
Kafka,nice to have,https://justjoin.it/job-offer/tesco-technology-data-engineer-fulfillment-krakow
PySpark,advanced,https://justjoin.it/job-offer/antal-sp-z-o-o--data-engineer-pyspark-or-scala--krakow-data
Scala,advanced,https://justjoin.it/job-offer/antal-sp-z-o-o--data-engineer-pyspark-or-scala--krakow-data
MsSQL,regular,https://justjoin.it/job-offer/antal-sp-z-o-o--data-engineer-pyspark-or-scala--krakow-data
ETL,regular,https://justjoin.it/job-offer/antal-sp-z-o-o--data-engineer-pyspark-or-scala--krakow-data
Hive,regular,https://justjoin.it/job-offer/antal-sp-z-o-o--data-engineer-pyspark-or-scala--krakow-data
Apache Hadoop,regular,https://justjoin.it/job-offer/antal-sp-z-o-o--data-engineer-pyspark-or-scala--krakow-data
SQL,regular,https://justjoin.it/job-offer/antal-sp-z-o-o--data-engineer-pyspark-or-scala--krakow-data
RESTful API,regular,https://justjoin.it/job-offer/antal-sp-z-o-o--data-engineer-pyspark-or-scala--krakow-data
Python,regular,https://justjoin.it/job-offer/antal-sp-z-o-o--data-engineer-pyspark-or-scala--krakow-data
Apache Spark,regular,https://justjoin.it/job-offer/antal-sp-z-o-o--data-engineer-pyspark-or-scala--krakow-data
Polish,c1,https://justjoin.it/job-offer/sunscrapers-senior-data-engineer-warszawa-data-107ca8c3
English,c1,https://justjoin.it/job-offer/sunscrapers-senior-data-engineer-warszawa-data-107ca8c3
Polish&English,master,https://justjoin.it/job-offer/sunscrapers-senior-data-engineer-warszawa-data-107ca8c3
AWS,advanced,https://justjoin.it/job-offer/sunscrapers-senior-data-engineer-warszawa-data-107ca8c3
Terraform,advanced,https://justjoin.it/job-offer/sunscrapers-senior-data-engineer-warszawa-data-107ca8c3
SQL,advanced,https://justjoin.it/job-offer/sunscrapers-senior-data-engineer-warszawa-data-107ca8c3
Python,advanced,https://justjoin.it/job-offer/sunscrapers-senior-data-engineer-warszawa-data-107ca8c3
Airflow,regular,https://justjoin.it/job-offer/sunscrapers-senior-data-engineer-warszawa-data-107ca8c3
Snowflake,regular,https://justjoin.it/job-offer/sunscrapers-senior-data-engineer-warszawa-data-107ca8c3
DBT,nice to have,https://justjoin.it/job-offer/sunscrapers-senior-data-engineer-warszawa-data-107ca8c3
Docker,nice to have,https://justjoin.it/job-offer/sunscrapers-senior-data-engineer-warszawa-data-107ca8c3
Polish,c2,https://justjoin.it/job-offer/1dea-mid-devops-data-engineer-azure-data-factory--warszawa-data
English,b2,https://justjoin.it/job-offer/1dea-mid-devops-data-engineer-azure-data-factory--warszawa-data
Azure,advanced,https://justjoin.it/job-offer/1dea-mid-devops-data-engineer-azure-data-factory--warszawa-data
DevOps,regular,https://justjoin.it/job-offer/1dea-mid-devops-data-engineer-azure-data-factory--warszawa-data
ETL,regular,https://justjoin.it/job-offer/1dea-mid-devops-data-engineer-azure-data-factory--warszawa-data
Azure Data Factory,regular,https://justjoin.it/job-offer/1dea-mid-devops-data-engineer-azure-data-factory--warszawa-data
Python,regular,https://justjoin.it/job-offer/1dea-mid-devops-data-engineer-azure-data-factory--warszawa-data
ETL tools,regular,https://justjoin.it/job-offer/1dea-mid-devops-data-engineer-azure-data-factory--warszawa-data
Data Integration,regular,https://justjoin.it/job-offer/1dea-mid-devops-data-engineer-azure-data-factory--warszawa-data
Ansible,regular,https://justjoin.it/job-offer/1dea-mid-devops-data-engineer-azure-data-factory--warszawa-data
AWS,advanced,https://justjoin.it/job-offer/upvanta-sp-z-o-o--lead-data-engineer-warszawa-data
Airflow,advanced,https://justjoin.it/job-offer/upvanta-sp-z-o-o--lead-data-engineer-warszawa-data
ETL,advanced,https://justjoin.it/job-offer/upvanta-sp-z-o-o--lead-data-engineer-warszawa-data
DBT,advanced,https://justjoin.it/job-offer/upvanta-sp-z-o-o--lead-data-engineer-warszawa-data
API,advanced,https://justjoin.it/job-offer/upvanta-sp-z-o-o--lead-data-engineer-warszawa-data
Snowflake,advanced,https://justjoin.it/job-offer/upvanta-sp-z-o-o--lead-data-engineer-warszawa-data
SQL,advanced,https://justjoin.it/job-offer/upvanta-sp-z-o-o--lead-data-engineer-warszawa-data
Python,advanced,https://justjoin.it/job-offer/upvanta-sp-z-o-o--lead-data-engineer-warszawa-data
Spark,nice to have,https://justjoin.it/job-offer/upvanta-sp-z-o-o--lead-data-engineer-warszawa-data
Python,advanced,https://justjoin.it/job-offer/xebia-sp-z-o-o---senior-azure-data-engineer-with-databricks-wroclaw-data
Airflow,regular,https://justjoin.it/job-offer/xebia-sp-z-o-o---senior-azure-data-engineer-with-databricks-wroclaw-data
SQL,regular,https://justjoin.it/job-offer/xebia-sp-z-o-o---senior-azure-data-engineer-with-databricks-wroclaw-data
English,b2,https://justjoin.it/job-offer/n-ix-senior-data-engineer-krakow-data-148538ce
AWS,advanced,https://justjoin.it/job-offer/n-ix-senior-data-engineer-krakow-data-148538ce
SQL,advanced,https://justjoin.it/job-offer/n-ix-senior-data-engineer-krakow-data-148538ce
Python,advanced,https://justjoin.it/job-offer/n-ix-senior-data-engineer-krakow-data-148538ce
Airflow,regular,https://justjoin.it/job-offer/n-ix-senior-data-engineer-krakow-data-148538ce
Snowflake,regular,https://justjoin.it/job-offer/n-ix-senior-data-engineer-krakow-data-148538ce
English,b2,https://justjoin.it/job-offer/stx-next-data-engineer-with-gcp-poznan-data
Airflow,master,https://justjoin.it/job-offer/stx-next-data-engineer-with-gcp-poznan-data
DBT,master,https://justjoin.it/job-offer/stx-next-data-engineer-with-gcp-poznan-data
GCP,master,https://justjoin.it/job-offer/stx-next-data-engineer-with-gcp-poznan-data
BigQuery,master,https://justjoin.it/job-offer/stx-next-data-engineer-with-gcp-poznan-data
Python 3.x,advanced,https://justjoin.it/job-offer/stx-next-data-engineer-with-gcp-poznan-data
Polish,b2,https://justjoin.it/job-offer/tooploox-data-engineer-wroclaw-data
English,c1,https://justjoin.it/job-offer/tooploox-data-engineer-wroclaw-data
ETL tools,regular,https://justjoin.it/job-offer/tooploox-data-engineer-wroclaw-data
PySpark,regular,https://justjoin.it/job-offer/tooploox-data-engineer-wroclaw-data
Hadoop,regular,https://justjoin.it/job-offer/tooploox-data-engineer-wroclaw-data
SQL,regular,https://justjoin.it/job-offer/tooploox-data-engineer-wroclaw-data
Python,regular,https://justjoin.it/job-offer/tooploox-data-engineer-wroclaw-data
Big Data,regular,https://justjoin.it/job-offer/tooploox-data-engineer-wroclaw-data
NoSQL,regular,https://justjoin.it/job-offer/tooploox-data-engineer-wroclaw-data
Flink,junior,https://justjoin.it/job-offer/tooploox-data-engineer-wroclaw-data
ETL,advanced,https://justjoin.it/job-offer/billennium-senior-data-engineer-warszawa-data-a0c8abb1
Azure,advanced,https://justjoin.it/job-offer/billennium-senior-data-engineer-warszawa-data-a0c8abb1
Databricks,advanced,https://justjoin.it/job-offer/billennium-senior-data-engineer-warszawa-data-a0c8abb1
SQL,advanced,https://justjoin.it/job-offer/billennium-senior-data-engineer-warszawa-data-a0c8abb1
Polish,c1,https://justjoin.it/job-offer/centrum-respo-data-engineer-warszawa-data
English,b2,https://justjoin.it/job-offer/centrum-respo-data-engineer-warszawa-data
Python,advanced,https://justjoin.it/job-offer/centrum-respo-data-engineer-warszawa-data
AWS,regular,https://justjoin.it/job-offer/centrum-respo-data-engineer-warszawa-data
Git,regular,https://justjoin.it/job-offer/centrum-respo-data-engineer-warszawa-data
ETL tools,regular,https://justjoin.it/job-offer/centrum-respo-data-engineer-warszawa-data
Tableau,regular,https://justjoin.it/job-offer/centrum-respo-data-engineer-warszawa-data
Redshift,regular,https://justjoin.it/job-offer/centrum-respo-data-engineer-warszawa-data
Cloud,advanced,https://justjoin.it/job-offer/link-group-data-engineer-with-databricks-warszawa-data
Data,advanced,https://justjoin.it/job-offer/link-group-data-engineer-with-databricks-warszawa-data
Python,advanced,https://justjoin.it/job-offer/link-group-data-engineer-with-databricks-warszawa-data
Databricks,regular,https://justjoin.it/job-offer/link-group-data-engineer-with-databricks-warszawa-data
English,c1,https://justjoin.it/job-offer/crestt-senior-data-engineer-with-databricks-warszawa-data-340db1a2
Databricks,advanced,https://justjoin.it/job-offer/crestt-senior-data-engineer-with-databricks-warszawa-data-340db1a2
SQL,advanced,https://justjoin.it/job-offer/crestt-senior-data-engineer-with-databricks-warszawa-data-340db1a2
Python,advanced,https://justjoin.it/job-offer/crestt-senior-data-engineer-with-databricks-warszawa-data-340db1a2
Airflow,regular,https://justjoin.it/job-offer/crestt-senior-data-engineer-with-databricks-warszawa-data-340db1a2
Apache Kafka,regular,https://justjoin.it/job-offer/crestt-senior-data-engineer-with-databricks-warszawa-data-340db1a2
Cloud,regular,https://justjoin.it/job-offer/crestt-senior-data-engineer-with-databricks-warszawa-data-340db1a2
DBT,regular,https://justjoin.it/job-offer/crestt-senior-data-engineer-with-databricks-warszawa-data-340db1a2
Databases,regular,https://justjoin.it/job-offer/crestt-senior-data-engineer-with-databricks-warszawa-data-340db1a2
Flink,regular,https://justjoin.it/job-offer/crestt-senior-data-engineer-with-databricks-warszawa-data-340db1a2
Apache Hadoop,regular,https://justjoin.it/job-offer/crestt-senior-data-engineer-with-databricks-warszawa-data-340db1a2
English,c1,https://justjoin.it/job-offer/alten-polska-senior-data-engineer-warszawa-data-9f9192ae
ETL,advanced,https://justjoin.it/job-offer/alten-polska-senior-data-engineer-warszawa-data-9f9192ae
Scala,advanced,https://justjoin.it/job-offer/alten-polska-senior-data-engineer-warszawa-data-9f9192ae
Big Data,advanced,https://justjoin.it/job-offer/alten-polska-senior-data-engineer-warszawa-data-9f9192ae
Apache Spark,advanced,https://justjoin.it/job-offer/alten-polska-senior-data-engineer-warszawa-data-9f9192ae
Microsoft Azure,advanced,https://justjoin.it/job-offer/itds-data-engineer-azure-databricks--krakow-data
Python,advanced,https://justjoin.it/job-offer/itds-data-engineer-azure-databricks--krakow-data
SQL,advanced,https://justjoin.it/job-offer/itds-data-engineer-azure-databricks--krakow-data
ETL,advanced,https://justjoin.it/job-offer/itds-data-engineer-azure-databricks--krakow-data
Azure Databricks,regular,https://justjoin.it/job-offer/itds-data-engineer-azure-databricks--krakow-data
